country,year,value,indicator,wb_code
"Egypt, Arab Rep.",2023,,account_ownership,FX.OWN.TOTL.ZS
"Egypt, Arab Rep.",2022,,account_ownership,FX.OWN.TOTL.ZS
"Egypt, Arab Rep.",2021,27.4440057212001,account_ownership,FX.OWN.TOTL.ZS
"Egypt, Arab Rep.",2020,,account_ownership,FX.OWN.TOTL.ZS
"Egypt, Arab Rep.",2019,,account_ownership,FX.OWN.TOTL.ZS
"Egypt, Arab Rep.",2018,,account_ownership,FX.OWN.TOTL.ZS
"Egypt, Arab Rep.",2017,32.7843607129398,account_ownership,FX.OWN.TOTL.ZS
"Egypt, Arab Rep.",2016,,account_ownership,FX.OWN.TOTL.ZS
"Egypt, Arab Rep.",2015,,account_ownership,FX.OWN.TOTL.ZS
"Egypt, Arab Rep.",2014,14.1267970490146,account_ownership,FX.OWN.TOTL.ZS
"Egypt, Arab Rep.",2013,,account_ownership,FX.OWN.TOTL.ZS
"Egypt, Arab Rep.",2012,,account_ownership,FX.OWN.TOTL.ZS
"Egypt, Arab Rep.",2011,9.71998059496632,account_ownership,FX.OWN.TOTL.ZS
Ethiopia,2023,,account_ownership,FX.OWN.TOTL.ZS
Ethiopia,2022,46.4800688214244,account_ownership,FX.OWN.TOTL.ZS
Ethiopia,2021,,account_ownership,FX.OWN.TOTL.ZS
Ethiopia,2020,,account_ownership,FX.OWN.TOTL.ZS
Ethiopia,2019,,account_ownership,FX.OWN.TOTL.ZS
Ethiopia,2018,,account_ownership,FX.OWN.TOTL.ZS
Ethiopia,2017,34.827569921105,account_ownership,FX.OWN.TOTL.ZS
Ethiopia,2016,,account_ownership,FX.OWN.TOTL.ZS
Ethiopia,2015,,account_ownership,FX.OWN.TOTL.ZS
Ethiopia,2014,21.7915817461286,account_ownership,FX.OWN.TOTL.ZS
Ethiopia,2013,,account_ownership,FX.OWN.TOTL.ZS
Ethiopia,2012,,account_ownership,FX.OWN.TOTL.ZS
Ethiopia,2011,,account_ownership,FX.OWN.TOTL.ZS
Ghana,2023,,account_ownership,FX.OWN.TOTL.ZS
Ghana,2022,,account_ownership,FX.OWN.TOTL.ZS
Ghana,2021,68.2303947936909,account_ownership,FX.OWN.TOTL.ZS
Ghana,2020,,account_ownership,FX.OWN.TOTL.ZS
Ghana,2019,,account_ownership,FX.OWN.TOTL.ZS
Ghana,2018,,account_ownership,FX.OWN.TOTL.ZS
Ghana,2017,57.7175264186459,account_ownership,FX.OWN.TOTL.ZS
Ghana,2016,,account_ownership,FX.OWN.TOTL.ZS
Ghana,2015,,account_ownership,FX.OWN.TOTL.ZS
Ghana,2014,40.5057942389551,account_ownership,FX.OWN.TOTL.ZS
Ghana,2013,,account_ownership,FX.OWN.TOTL.ZS
Ghana,2012,,account_ownership,FX.OWN.TOTL.ZS
Ghana,2011,29.4253535855083,account_ownership,FX.OWN.TOTL.ZS
Kenya,2023,,account_ownership,FX.OWN.TOTL.ZS
Kenya,2022,,account_ownership,FX.OWN.TOTL.ZS
Kenya,2021,79.1951576168317,account_ownership,FX.OWN.TOTL.ZS
Kenya,2020,,account_ownership,FX.OWN.TOTL.ZS
Kenya,2019,,account_ownership,FX.OWN.TOTL.ZS
Kenya,2018,,account_ownership,FX.OWN.TOTL.ZS
Kenya,2017,81.5675646333189,account_ownership,FX.OWN.TOTL.ZS
Kenya,2016,,account_ownership,FX.OWN.TOTL.ZS
Kenya,2015,,account_ownership,FX.OWN.TOTL.ZS
Kenya,2014,74.6578329382712,account_ownership,FX.OWN.TOTL.ZS
Kenya,2013,,account_ownership,FX.OWN.TOTL.ZS
Kenya,2012,,account_ownership,FX.OWN.TOTL.ZS
Kenya,2011,42.3434543670765,account_ownership,FX.OWN.TOTL.ZS
Nigeria,2023,,account_ownership,FX.OWN.TOTL.ZS
Nigeria,2022,,account_ownership,FX.OWN.TOTL.ZS
Nigeria,2021,45.3166327186278,account_ownership,FX.OWN.TOTL.ZS
Nigeria,2020,,account_ownership,FX.OWN.TOTL.ZS
Nigeria,2019,,account_ownership,FX.OWN.TOTL.ZS
Nigeria,2018,,account_ownership,FX.OWN.TOTL.ZS
Nigeria,2017,39.6668586884669,account_ownership,FX.OWN.TOTL.ZS
Nigeria,2016,,account_ownership,FX.OWN.TOTL.ZS
Nigeria,2015,,account_ownership,FX.OWN.TOTL.ZS
Nigeria,2014,44.4419846566021,account_ownership,FX.OWN.TOTL.ZS
Nigeria,2013,,account_ownership,FX.OWN.TOTL.ZS
Nigeria,2012,,account_ownership,FX.OWN.TOTL.ZS
Nigeria,2011,29.6675376842052,account_ownership,FX.OWN.TOTL.ZS
Sub-Saharan Africa,2023,,account_ownership,FX.OWN.TOTL.ZS
Sub-Saharan Africa,2022,,account_ownership,FX.OWN.TOTL.ZS
Sub-Saharan Africa,2021,55.07,account_ownership,FX.OWN.TOTL.ZS
Sub-Saharan Africa,2020,,account_ownership,FX.OWN.TOTL.ZS
Sub-Saharan Africa,2019,,account_ownership,FX.OWN.TOTL.ZS
Sub-Saharan Africa,2018,,account_ownership,FX.OWN.TOTL.ZS
Sub-Saharan Africa,2017,42.63,account_ownership,FX.OWN.TOTL.ZS
Sub-Saharan Africa,2016,,account_ownership,FX.OWN.TOTL.ZS
Sub-Saharan Africa,2015,,account_ownership,FX.OWN.TOTL.ZS
Sub-Saharan Africa,2014,34.27,account_ownership,FX.OWN.TOTL.ZS
Sub-Saharan Africa,2013,,account_ownership,FX.OWN.TOTL.ZS
Sub-Saharan Africa,2012,,account_ownership,FX.OWN.TOTL.ZS
Sub-Saharan Africa,2011,23.33,account_ownership,FX.OWN.TOTL.ZS
World,2023,,account_ownership,FX.OWN.TOTL.ZS
World,2022,,account_ownership,FX.OWN.TOTL.ZS
World,2021,73.8299210455306,account_ownership,FX.OWN.TOTL.ZS
World,2020,,account_ownership,FX.OWN.TOTL.ZS
World,2019,,account_ownership,FX.OWN.TOTL.ZS
World,2018,,account_ownership,FX.OWN.TOTL.ZS
World,2017,69.3221452759169,account_ownership,FX.OWN.TOTL.ZS
World,2016,,account_ownership,FX.OWN.TOTL.ZS
World,2015,,account_ownership,FX.OWN.TOTL.ZS
World,2014,61.6740154472993,account_ownership,FX.OWN.TOTL.ZS
World,2013,,account_ownership,FX.OWN.TOTL.ZS
World,2012,,account_ownership,FX.OWN.TOTL.ZS
World,2011,50.6106440304562,account_ownership,FX.OWN.TOTL.ZS
South Africa,2023,,account_ownership,FX.OWN.TOTL.ZS
South Africa,2022,,account_ownership,FX.OWN.TOTL.ZS
South Africa,2021,85.378111952418,account_ownership,FX.OWN.TOTL.ZS
South Africa,2020,,account_ownership,FX.OWN.TOTL.ZS
South Africa,2019,,account_ownership,FX.OWN.TOTL.ZS
South Africa,2018,,account_ownership,FX.OWN.TOTL.ZS
South Africa,2017,69.2184941645761,account_ownership,FX.OWN.TOTL.ZS
South Africa,2016,,account_ownership,FX.OWN.TOTL.ZS
South Africa,2015,,account_ownership,FX.OWN.TOTL.ZS
South Africa,2014,70.3174554981439,account_ownership,FX.OWN.TOTL.ZS
South Africa,2013,,account_ownership,FX.OWN.TOTL.ZS
South Africa,2012,,account_ownership,FX.OWN.TOTL.ZS
South Africa,2011,53.6450756317438,account_ownership,FX.OWN.TOTL.ZS
"Egypt, Arab Rep.",2023,,account_female,FX.OWN.TOTL.FE.ZS
"Egypt, Arab Rep.",2022,,account_female,FX.OWN.TOTL.FE.ZS
"Egypt, Arab Rep.",2021,24.1973567007988,account_female,FX.OWN.TOTL.FE.ZS
"Egypt, Arab Rep.",2020,,account_female,FX.OWN.TOTL.FE.ZS
"Egypt, Arab Rep.",2019,,account_female,FX.OWN.TOTL.FE.ZS
"Egypt, Arab Rep.",2018,,account_female,FX.OWN.TOTL.FE.ZS
"Egypt, Arab Rep.",2017,26.9944190972304,account_female,FX.OWN.TOTL.FE.ZS
"Egypt, Arab Rep.",2016,,account_female,FX.OWN.TOTL.FE.ZS
"Egypt, Arab Rep.",2015,,account_female,FX.OWN.TOTL.FE.ZS
"Egypt, Arab Rep.",2014,9.30748469442183,account_female,FX.OWN.TOTL.FE.ZS
"Egypt, Arab Rep.",2013,,account_female,FX.OWN.TOTL.FE.ZS
"Egypt, Arab Rep.",2012,,account_female,FX.OWN.TOTL.FE.ZS
"Egypt, Arab Rep.",2011,,account_female,FX.OWN.TOTL.FE.ZS
Ethiopia,2023,,account_female,FX.OWN.TOTL.FE.ZS
Ethiopia,2022,38.7371742509369,account_female,FX.OWN.TOTL.FE.ZS
Ethiopia,2021,,account_female,FX.OWN.TOTL.FE.ZS
Ethiopia,2020,,account_female,FX.OWN.TOTL.FE.ZS
Ethiopia,2019,,account_female,FX.OWN.TOTL.FE.ZS
Ethiopia,2018,,account_female,FX.OWN.TOTL.FE.ZS
Ethiopia,2017,29.0754315174008,account_female,FX.OWN.TOTL.FE.ZS
Ethiopia,2016,,account_female,FX.OWN.TOTL.FE.ZS
Ethiopia,2015,,account_female,FX.OWN.TOTL.FE.ZS
Ethiopia,2014,21.0040311985886,account_female,FX.OWN.TOTL.FE.ZS
Ethiopia,2013,,account_female,FX.OWN.TOTL.FE.ZS
Ethiopia,2012,,account_female,FX.OWN.TOTL.FE.ZS
Ethiopia,2011,,account_female,FX.OWN.TOTL.FE.ZS
Ghana,2023,,account_female,FX.OWN.TOTL.FE.ZS
Ghana,2022,,account_female,FX.OWN.TOTL.FE.ZS
Ghana,2021,62.5809382619613,account_female,FX.OWN.TOTL.FE.ZS
Ghana,2020,,account_female,FX.OWN.TOTL.FE.ZS
Ghana,2019,,account_female,FX.OWN.TOTL.FE.ZS
Ghana,2018,,account_female,FX.OWN.TOTL.FE.ZS
Ghana,2017,53.7234203538013,account_female,FX.OWN.TOTL.FE.ZS
Ghana,2016,,account_female,FX.OWN.TOTL.FE.ZS
Ghana,2015,,account_female,FX.OWN.TOTL.FE.ZS
Ghana,2014,39.377307089462,account_female,FX.OWN.TOTL.FE.ZS
Ghana,2013,,account_female,FX.OWN.TOTL.FE.ZS
Ghana,2012,,account_female,FX.OWN.TOTL.FE.ZS
Ghana,2011,27.088298008763,account_female,FX.OWN.TOTL.FE.ZS
Kenya,2023,,account_female,FX.OWN.TOTL.FE.ZS
Kenya,2022,,account_female,FX.OWN.TOTL.FE.ZS
Kenya,2021,75.3574331684213,account_female,FX.OWN.TOTL.FE.ZS
Kenya,2020,,account_female,FX.OWN.TOTL.FE.ZS
Kenya,2019,,account_female,FX.OWN.TOTL.FE.ZS
Kenya,2018,,account_female,FX.OWN.TOTL.FE.ZS
Kenya,2017,77.7463652423197,account_female,FX.OWN.TOTL.FE.ZS
Kenya,2016,,account_female,FX.OWN.TOTL.FE.ZS
Kenya,2015,,account_female,FX.OWN.TOTL.FE.ZS
Kenya,2014,71.1344795524211,account_female,FX.OWN.TOTL.FE.ZS
Kenya,2013,,account_female,FX.OWN.TOTL.FE.ZS
Kenya,2012,,account_female,FX.OWN.TOTL.FE.ZS
Kenya,2011,39.1788059462997,account_female,FX.OWN.TOTL.FE.ZS
Nigeria,2023,,account_female,FX.OWN.TOTL.FE.ZS
Nigeria,2022,,account_female,FX.OWN.TOTL.FE.ZS
Nigeria,2021,34.9640811024201,account_female,FX.OWN.TOTL.FE.ZS
Nigeria,2020,,account_female,FX.OWN.TOTL.FE.ZS
Nigeria,2019,,account_female,FX.OWN.TOTL.FE.ZS
Nigeria,2018,,account_female,FX.OWN.TOTL.FE.ZS
Nigeria,2017,27.2766783028412,account_female,FX.OWN.TOTL.FE.ZS
Nigeria,2016,,account_female,FX.OWN.TOTL.FE.ZS
Nigeria,2015,,account_female,FX.OWN.TOTL.FE.ZS
Nigeria,2014,34.0223963700315,account_female,FX.OWN.TOTL.FE.ZS
Nigeria,2013,,account_female,FX.OWN.TOTL.FE.ZS
Nigeria,2012,,account_female,FX.OWN.TOTL.FE.ZS
Nigeria,2011,25.9904013803634,account_female,FX.OWN.TOTL.FE.ZS
Sub-Saharan Africa,2023,,account_female,FX.OWN.TOTL.FE.ZS
Sub-Saharan Africa,2022,,account_female,FX.OWN.TOTL.FE.ZS
Sub-Saharan Africa,2021,49.04,account_female,FX.OWN.TOTL.FE.ZS
Sub-Saharan Africa,2020,,account_female,FX.OWN.TOTL.FE.ZS
Sub-Saharan Africa,2019,,account_female,FX.OWN.TOTL.FE.ZS
Sub-Saharan Africa,2018,,account_female,FX.OWN.TOTL.FE.ZS
Sub-Saharan Africa,2017,36.93,account_female,FX.OWN.TOTL.FE.ZS
Sub-Saharan Africa,2016,,account_female,FX.OWN.TOTL.FE.ZS
Sub-Saharan Africa,2015,,account_female,FX.OWN.TOTL.FE.ZS
Sub-Saharan Africa,2014,30.01,account_female,FX.OWN.TOTL.FE.ZS
Sub-Saharan Africa,2013,,account_female,FX.OWN.TOTL.FE.ZS
Sub-Saharan Africa,2012,,account_female,FX.OWN.TOTL.FE.ZS
Sub-Saharan Africa,2011,20.87,account_female,FX.OWN.TOTL.FE.ZS
World,2023,,account_female,FX.OWN.TOTL.FE.ZS
World,2022,,account_female,FX.OWN.TOTL.FE.ZS
World,2021,71.3248770031134,account_female,FX.OWN.TOTL.FE.ZS
World,2020,,account_female,FX.OWN.TOTL.FE.ZS
World,2019,,account_female,FX.OWN.TOTL.FE.ZS
World,2018,,account_female,FX.OWN.TOTL.FE.ZS
World,2017,65.915361975822,account_female,FX.OWN.TOTL.FE.ZS
World,2016,,account_female,FX.OWN.TOTL.FE.ZS
World,2015,,account_female,FX.OWN.TOTL.FE.ZS
World,2014,58.1485582572576,account_female,FX.OWN.TOTL.FE.ZS
World,2013,,account_female,FX.OWN.TOTL.FE.ZS
World,2012,,account_female,FX.OWN.TOTL.FE.ZS
World,2011,46.6275774587281,account_female,FX.OWN.TOTL.FE.ZS
South Africa,2023,,account_female,FX.OWN.TOTL.FE.ZS
South Africa,2022,,account_female,FX.OWN.TOTL.FE.ZS
South Africa,2021,86.1807916848531,account_female,FX.OWN.TOTL.FE.ZS
South Africa,2020,,account_female,FX.OWN.TOTL.FE.ZS
South Africa,2019,,account_female,FX.OWN.TOTL.FE.ZS
South Africa,2018,,account_female,FX.OWN.TOTL.FE.ZS
South Africa,2017,69.9898100072638,account_female,FX.OWN.TOTL.FE.ZS
South Africa,2016,,account_female,FX.OWN.TOTL.FE.ZS
South Africa,2015,,account_female,FX.OWN.TOTL.FE.ZS
South Africa,2014,70.3621796047968,account_female,FX.OWN.TOTL.FE.ZS
South Africa,2013,,account_female,FX.OWN.TOTL.FE.ZS
South Africa,2012,,account_female,FX.OWN.TOTL.FE.ZS
South Africa,2011,51.0233654425798,account_female,FX.OWN.TOTL.FE.ZS
"Egypt, Arab Rep.",2023,,account_male,FX.OWN.TOTL.MA.ZS
"Egypt, Arab Rep.",2022,,account_male,FX.OWN.TOTL.MA.ZS
"Egypt, Arab Rep.",2021,30.5711210140941,account_male,FX.OWN.TOTL.MA.ZS
"Egypt, Arab Rep.",2020,,account_male,FX.OWN.TOTL.MA.ZS
"Egypt, Arab Rep.",2019,,account_male,FX.OWN.TOTL.MA.ZS
"Egypt, Arab Rep.",2018,,account_male,FX.OWN.TOTL.MA.ZS
"Egypt, Arab Rep.",2017,38.653475362692,account_male,FX.OWN.TOTL.MA.ZS
"Egypt, Arab Rep.",2016,,account_male,FX.OWN.TOTL.MA.ZS
"Egypt, Arab Rep.",2015,,account_male,FX.OWN.TOTL.MA.ZS
"Egypt, Arab Rep.",2014,18.7618635500507,account_male,FX.OWN.TOTL.MA.ZS
"Egypt, Arab Rep.",2013,,account_male,FX.OWN.TOTL.MA.ZS
"Egypt, Arab Rep.",2012,,account_male,FX.OWN.TOTL.MA.ZS
"Egypt, Arab Rep.",2011,,account_male,FX.OWN.TOTL.MA.ZS
Ethiopia,2023,,account_male,FX.OWN.TOTL.MA.ZS
Ethiopia,2022,54.6826000438185,account_male,FX.OWN.TOTL.MA.ZS
Ethiopia,2021,,account_male,FX.OWN.TOTL.MA.ZS
Ethiopia,2020,,account_male,FX.OWN.TOTL.MA.ZS
Ethiopia,2019,,account_male,FX.OWN.TOTL.MA.ZS
Ethiopia,2018,,account_male,FX.OWN.TOTL.MA.ZS
Ethiopia,2017,40.9438765977029,account_male,FX.OWN.TOTL.MA.ZS
Ethiopia,2016,,account_male,FX.OWN.TOTL.MA.ZS
Ethiopia,2015,,account_male,FX.OWN.TOTL.MA.ZS
Ethiopia,2014,22.6220561075517,account_male,FX.OWN.TOTL.MA.ZS
Ethiopia,2013,,account_male,FX.OWN.TOTL.MA.ZS
Ethiopia,2012,,account_male,FX.OWN.TOTL.MA.ZS
Ethiopia,2011,,account_male,FX.OWN.TOTL.MA.ZS
Ghana,2023,,account_male,FX.OWN.TOTL.MA.ZS
Ghana,2022,,account_male,FX.OWN.TOTL.MA.ZS
Ghana,2021,74.1799682116512,account_male,FX.OWN.TOTL.MA.ZS
Ghana,2020,,account_male,FX.OWN.TOTL.MA.ZS
Ghana,2019,,account_male,FX.OWN.TOTL.MA.ZS
Ghana,2018,,account_male,FX.OWN.TOTL.MA.ZS
Ghana,2017,61.7916792423948,account_male,FX.OWN.TOTL.MA.ZS
Ghana,2016,,account_male,FX.OWN.TOTL.MA.ZS
Ghana,2015,,account_male,FX.OWN.TOTL.MA.ZS
Ghana,2014,41.6712364032671,account_male,FX.OWN.TOTL.MA.ZS
Ghana,2013,,account_male,FX.OWN.TOTL.MA.ZS
Ghana,2012,,account_male,FX.OWN.TOTL.MA.ZS
Ghana,2011,31.845334833461,account_male,FX.OWN.TOTL.MA.ZS
Kenya,2023,,account_male,FX.OWN.TOTL.MA.ZS
Kenya,2022,,account_male,FX.OWN.TOTL.MA.ZS
Kenya,2021,83.2449956430141,account_male,FX.OWN.TOTL.MA.ZS
Kenya,2020,,account_male,FX.OWN.TOTL.MA.ZS
Kenya,2019,,account_male,FX.OWN.TOTL.MA.ZS
Kenya,2018,,account_male,FX.OWN.TOTL.MA.ZS
Kenya,2017,85.8360953098291,account_male,FX.OWN.TOTL.MA.ZS
Kenya,2016,,account_male,FX.OWN.TOTL.MA.ZS
Kenya,2015,,account_male,FX.OWN.TOTL.MA.ZS
Kenya,2014,78.6579035966347,account_male,FX.OWN.TOTL.MA.ZS
Kenya,2013,,account_male,FX.OWN.TOTL.MA.ZS
Kenya,2012,,account_male,FX.OWN.TOTL.MA.ZS
Kenya,2011,45.6456419128242,account_male,FX.OWN.TOTL.MA.ZS
Nigeria,2023,,account_male,FX.OWN.TOTL.MA.ZS
Nigeria,2022,,account_male,FX.OWN.TOTL.MA.ZS
Nigeria,2021,55.4526241322263,account_male,FX.OWN.TOTL.MA.ZS
Nigeria,2020,,account_male,FX.OWN.TOTL.MA.ZS
Nigeria,2019,,account_male,FX.OWN.TOTL.MA.ZS
Nigeria,2018,,account_male,FX.OWN.TOTL.MA.ZS
Nigeria,2017,51.4073357721221,account_male,FX.OWN.TOTL.MA.ZS
Nigeria,2016,,account_male,FX.OWN.TOTL.MA.ZS
Nigeria,2015,,account_male,FX.OWN.TOTL.MA.ZS
Nigeria,2014,54.3624813953471,account_male,FX.OWN.TOTL.MA.ZS
Nigeria,2013,,account_male,FX.OWN.TOTL.MA.ZS
Nigeria,2012,,account_male,FX.OWN.TOTL.MA.ZS
Nigeria,2011,33.2768925034846,account_male,FX.OWN.TOTL.MA.ZS
Sub-Saharan Africa,2023,,account_male,FX.OWN.TOTL.MA.ZS
Sub-Saharan Africa,2022,,account_male,FX.OWN.TOTL.MA.ZS
Sub-Saharan Africa,2021,61.36,account_male,FX.OWN.TOTL.MA.ZS
Sub-Saharan Africa,2020,,account_male,FX.OWN.TOTL.MA.ZS
Sub-Saharan Africa,2019,,account_male,FX.OWN.TOTL.MA.ZS
Sub-Saharan Africa,2018,,account_male,FX.OWN.TOTL.MA.ZS
Sub-Saharan Africa,2017,48.46,account_male,FX.OWN.TOTL.MA.ZS
Sub-Saharan Africa,2016,,account_male,FX.OWN.TOTL.MA.ZS
Sub-Saharan Africa,2015,,account_male,FX.OWN.TOTL.MA.ZS
Sub-Saharan Africa,2014,38.63,account_male,FX.OWN.TOTL.MA.ZS
Sub-Saharan Africa,2013,,account_male,FX.OWN.TOTL.MA.ZS
Sub-Saharan Africa,2012,,account_male,FX.OWN.TOTL.MA.ZS
Sub-Saharan Africa,2011,25.84,account_male,FX.OWN.TOTL.MA.ZS
World,2023,,account_male,FX.OWN.TOTL.MA.ZS
World,2022,,account_male,FX.OWN.TOTL.MA.ZS
World,2021,76.290599628932,account_male,FX.OWN.TOTL.MA.ZS
World,2020,,account_male,FX.OWN.TOTL.MA.ZS
World,2019,,account_male,FX.OWN.TOTL.MA.ZS
World,2018,,account_male,FX.OWN.TOTL.MA.ZS
World,2017,72.8115199986477,account_male,FX.OWN.TOTL.MA.ZS
World,2016,,account_male,FX.OWN.TOTL.MA.ZS
World,2015,,account_male,FX.OWN.TOTL.MA.ZS
World,2014,65.2447254205405,account_male,FX.OWN.TOTL.MA.ZS
World,2013,,account_male,FX.OWN.TOTL.MA.ZS
World,2012,,account_male,FX.OWN.TOTL.MA.ZS
World,2011,54.7063522546175,account_male,FX.OWN.TOTL.MA.ZS
South Africa,2023,,account_male,FX.OWN.TOTL.MA.ZS
South Africa,2022,,account_male,FX.OWN.TOTL.MA.ZS
South Africa,2021,84.5623928616066,account_male,FX.OWN.TOTL.MA.ZS
South Africa,2020,,account_male,FX.OWN.TOTL.MA.ZS
South Africa,2019,,account_male,FX.OWN.TOTL.MA.ZS
South Africa,2018,,account_male,FX.OWN.TOTL.MA.ZS
South Africa,2017,68.3953270719118,account_male,FX.OWN.TOTL.MA.ZS
South Africa,2016,,account_male,FX.OWN.TOTL.MA.ZS
South Africa,2015,,account_male,FX.OWN.TOTL.MA.ZS
South Africa,2014,70.2676028219972,account_male,FX.OWN.TOTL.MA.ZS
South Africa,2013,,account_male,FX.OWN.TOTL.MA.ZS
South Africa,2012,,account_male,FX.OWN.TOTL.MA.ZS
South Africa,2011,56.3800355322416,account_male,FX.OWN.TOTL.MA.ZS
"Egypt, Arab Rep.",2023,114535772.0,population_total,SP.POP.TOTL
"Egypt, Arab Rep.",2022,112618250.0,population_total,SP.POP.TOTL
"Egypt, Arab Rep.",2021,110957008.0,population_total,SP.POP.TOTL
"Egypt, Arab Rep.",2020,109315124.0,population_total,SP.POP.TOTL
"Egypt, Arab Rep.",2019,107553158.0,population_total,SP.POP.TOTL
"Egypt, Arab Rep.",2018,105682094.0,population_total,SP.POP.TOTL
"Egypt, Arab Rep.",2017,103696057.0,population_total,SP.POP.TOTL
"Egypt, Arab Rep.",2016,101644589.0,population_total,SP.POP.TOTL
"Egypt, Arab Rep.",2015,99597342.0,population_total,SP.POP.TOTL
"Egypt, Arab Rep.",2014,97528654.0,population_total,SP.POP.TOTL
"Egypt, Arab Rep.",2013,95333553.0,population_total,SP.POP.TOTL
"Egypt, Arab Rep.",2012,93161001.0,population_total,SP.POP.TOTL
"Egypt, Arab Rep.",2011,91093059.0,population_total,SP.POP.TOTL
Ethiopia,2023,128691692.0,population_total,SP.POP.TOTL
Ethiopia,2022,125384287.0,population_total,SP.POP.TOTL
Ethiopia,2021,122138588.0,population_total,SP.POP.TOTL
Ethiopia,2020,118917671.0,population_total,SP.POP.TOTL
Ethiopia,2019,115737383.0,population_total,SP.POP.TOTL
Ethiopia,2018,112664152.0,population_total,SP.POP.TOTL
Ethiopia,2017,109666481.0,population_total,SP.POP.TOTL
Ethiopia,2016,106718162.0,population_total,SP.POP.TOTL
Ethiopia,2015,103867135.0,population_total,SP.POP.TOTL
Ethiopia,2014,101115610.0,population_total,SP.POP.TOTL
Ethiopia,2013,98438751.0,population_total,SP.POP.TOTL
Ethiopia,2012,95798767.0,population_total,SP.POP.TOTL
Ethiopia,2011,93149970.0,population_total,SP.POP.TOTL
Ghana,2023,33787914.0,population_total,SP.POP.TOTL
Ghana,2022,33149152.0,population_total,SP.POP.TOTL
Ghana,2021,32518665.0,population_total,SP.POP.TOTL
Ghana,2020,31887809.0,population_total,SP.POP.TOTL
Ghana,2019,31258945.0,population_total,SP.POP.TOTL
Ghana,2018,30637585.0,population_total,SP.POP.TOTL
Ghana,2017,30008354.0,population_total,SP.POP.TOTL
Ghana,2016,29356742.0,population_total,SP.POP.TOTL
Ghana,2015,28696068.0,population_total,SP.POP.TOTL
Ghana,2014,28041592.0,population_total,SP.POP.TOTL
Ghana,2013,27386193.0,population_total,SP.POP.TOTL
Ghana,2012,26734268.0,population_total,SP.POP.TOTL
Ghana,2011,26095088.0,population_total,SP.POP.TOTL
Kenya,2023,55339003.0,population_total,SP.POP.TOTL
Kenya,2022,54252461.0,population_total,SP.POP.TOTL
Kenya,2021,53219166.0,population_total,SP.POP.TOTL
Kenya,2020,52217334.0,population_total,SP.POP.TOTL
Kenya,2019,51202827.0,population_total,SP.POP.TOTL
Kenya,2018,50207107.0,population_total,SP.POP.TOTL
Kenya,2017,49197766.0,population_total,SP.POP.TOTL
Kenya,2016,48139687.0,population_total,SP.POP.TOTL
Kenya,2015,47088526.0,population_total,SP.POP.TOTL
Kenya,2014,46051440.0,population_total,SP.POP.TOTL
Kenya,2013,44986791.0,population_total,SP.POP.TOTL
Kenya,2012,43888303.0,population_total,SP.POP.TOTL
Kenya,2011,42758461.0,population_total,SP.POP.TOTL
Nigeria,2023,227882945.0,population_total,SP.POP.TOTL
Nigeria,2022,223150896.0,population_total,SP.POP.TOTL
Nigeria,2021,218529286.0,population_total,SP.POP.TOTL
Nigeria,2020,213996181.0,population_total,SP.POP.TOTL
Nigeria,2019,209485641.0,population_total,SP.POP.TOTL
Nigeria,2018,204938755.0,population_total,SP.POP.TOTL
Nigeria,2017,200254579.0,population_total,SP.POP.TOTL
Nigeria,2016,195443700.0,population_total,SP.POP.TOTL
Nigeria,2015,190671878.0,population_total,SP.POP.TOTL
Nigeria,2014,185896915.0,population_total,SP.POP.TOTL
Nigeria,2013,181049443.0,population_total,SP.POP.TOTL
Nigeria,2012,176200625.0,population_total,SP.POP.TOTL
Nigeria,2011,171379598.0,population_total,SP.POP.TOTL
Sub-Saharan Africa,2023,1259889959.0,population_total,SP.POP.TOTL
Sub-Saharan Africa,2022,1229208573.0,population_total,SP.POP.TOTL
Sub-Saharan Africa,2021,1199011925.0,population_total,SP.POP.TOTL
Sub-Saharan Africa,2020,1169015451.0,population_total,SP.POP.TOTL
Sub-Saharan Africa,2019,1139315618.0,population_total,SP.POP.TOTL
Sub-Saharan Africa,2018,1109997000.0,population_total,SP.POP.TOTL
Sub-Saharan Africa,2017,1080941647.0,population_total,SP.POP.TOTL
Sub-Saharan Africa,2016,1052824144.0,population_total,SP.POP.TOTL
Sub-Saharan Africa,2015,1025251114.0,population_total,SP.POP.TOTL
Sub-Saharan Africa,2014,997961037.0,population_total,SP.POP.TOTL
Sub-Saharan Africa,2013,971232906.0,population_total,SP.POP.TOTL
Sub-Saharan Africa,2012,944970310.0,population_total,SP.POP.TOTL
Sub-Saharan Africa,2011,919528126.0,population_total,SP.POP.TOTL
World,2023,8064057930.0,population_total,SP.POP.TOTL
World,2022,7989545217.0,population_total,SP.POP.TOTL
World,2021,7920514854.0,population_total,SP.POP.TOTL
World,2020,7854748424.0,population_total,SP.POP.TOTL
World,2019,7778008621.0,population_total,SP.POP.TOTL
World,2018,7697233736.0,population_total,SP.POP.TOTL
World,2017,7614523410.0,population_total,SP.POP.TOTL
World,2016,7528879985.0,population_total,SP.POP.TOTL
World,2015,7441677465.0,population_total,SP.POP.TOTL
World,2014,7354068030.0,population_total,SP.POP.TOTL
World,2013,7265892332.0,population_total,SP.POP.TOTL
World,2012,7176929184.0,population_total,SP.POP.TOTL
World,2011,7087120034.0,population_total,SP.POP.TOTL
South Africa,2023,63212384.0,population_total,SP.POP.TOTL
South Africa,2022,62378410.0,population_total,SP.POP.TOTL
South Africa,2021,61502603.0,population_total,SP.POP.TOTL
South Africa,2020,60562381.0,population_total,SP.POP.TOTL
South Africa,2019,59587885.0,population_total,SP.POP.TOTL
South Africa,2018,58613001.0,population_total,SP.POP.TOTL
South Africa,2017,57635162.0,population_total,SP.POP.TOTL
South Africa,2016,57259551.0,population_total,SP.POP.TOTL
South Africa,2015,56723537.0,population_total,SP.POP.TOTL
South Africa,2014,55594838.0,population_total,SP.POP.TOTL
South Africa,2013,54678791.0,population_total,SP.POP.TOTL
South Africa,2012,53782567.0,population_total,SP.POP.TOTL
South Africa,2011,52995205.0,population_total,SP.POP.TOTL
"Egypt, Arab Rep.",2023,92.8261626420085,mobile_subscriptions,IT.CEL.SETS.P2
"Egypt, Arab Rep.",2022,90.6794715776528,mobile_subscriptions,IT.CEL.SETS.P2
"Egypt, Arab Rep.",2021,84.0866220906029,mobile_subscriptions,IT.CEL.SETS.P2
"Egypt, Arab Rep.",2020,87.2316871725819,mobile_subscriptions,IT.CEL.SETS.P2
"Egypt, Arab Rep.",2019,88.6447815879102,mobile_subscriptions,IT.CEL.SETS.P2
"Egypt, Arab Rep.",2018,88.7420881346276,mobile_subscriptions,IT.CEL.SETS.P2
"Egypt, Arab Rep.",2017,99.2884367821237,mobile_subscriptions,IT.CEL.SETS.P2
"Egypt, Arab Rep.",2016,96.2091951594197,mobile_subscriptions,IT.CEL.SETS.P2
"Egypt, Arab Rep.",2015,94.3962460363651,mobile_subscriptions,IT.CEL.SETS.P2
"Egypt, Arab Rep.",2014,97.7313128919015,mobile_subscriptions,IT.CEL.SETS.P2
"Egypt, Arab Rep.",2013,104.585398175604,mobile_subscriptions,IT.CEL.SETS.P2
"Egypt, Arab Rep.",2012,103.904852847169,mobile_subscriptions,IT.CEL.SETS.P2
"Egypt, Arab Rep.",2011,91.5823290114783,mobile_subscriptions,IT.CEL.SETS.P2
Ethiopia,2023,59.8748744402242,mobile_subscriptions,IT.CEL.SETS.P2
Ethiopia,2022,56.9642988837987,mobile_subscriptions,IT.CEL.SETS.P2
Ethiopia,2021,52.8088633217211,mobile_subscriptions,IT.CEL.SETS.P2
Ethiopia,2020,37.4208472347226,mobile_subscriptions,IT.CEL.SETS.P2
Ethiopia,2019,36.2199307720652,mobile_subscriptions,IT.CEL.SETS.P2
Ethiopia,2018,,mobile_subscriptions,IT.CEL.SETS.P2
Ethiopia,2017,36.1094836260863,mobile_subscriptions,IT.CEL.SETS.P2
Ethiopia,2016,47.9993274246983,mobile_subscriptions,IT.CEL.SETS.P2
Ethiopia,2015,40.7363012371526,mobile_subscriptions,IT.CEL.SETS.P2
Ethiopia,2014,30.1536033852735,mobile_subscriptions,IT.CEL.SETS.P2
Ethiopia,2013,26.0536269908585,mobile_subscriptions,IT.CEL.SETS.P2
Ethiopia,2012,21.4239594545095,mobile_subscriptions,IT.CEL.SETS.P2
Ethiopia,2011,15.1655003216856,mobile_subscriptions,IT.CEL.SETS.P2
Ghana,2023,98.8059221412722,mobile_subscriptions,IT.CEL.SETS.P2
Ghana,2022,120.803416027053,mobile_subscriptions,IT.CEL.SETS.P2
Ghana,2021,124.402625384529,mobile_subscriptions,IT.CEL.SETS.P2
Ghana,2020,126.887391353856,mobile_subscriptions,IT.CEL.SETS.P2
Ghana,2019,130.70523333401,mobile_subscriptions,IT.CEL.SETS.P2
Ghana,2018,133.609992432498,mobile_subscriptions,IT.CEL.SETS.P2
Ghana,2017,122.471765695646,mobile_subscriptions,IT.CEL.SETS.P2
Ghana,2016,130.481366086196,mobile_subscriptions,IT.CEL.SETS.P2
Ghana,2015,121.997156544235,mobile_subscriptions,IT.CEL.SETS.P2
Ghana,2014,108.270496910446,mobile_subscriptions,IT.CEL.SETS.P2
Ghana,2013,102.337999297675,mobile_subscriptions,IT.CEL.SETS.P2
Ghana,2012,95.8261770997433,mobile_subscriptions,IT.CEL.SETS.P2
Ghana,2011,81.1104488323626,mobile_subscriptions,IT.CEL.SETS.P2
Kenya,2023,120.612416887959,mobile_subscriptions,IT.CEL.SETS.P2
Kenya,2022,121.168999135357,mobile_subscriptions,IT.CEL.SETS.P2
Kenya,2021,122.297519656734,mobile_subscriptions,IT.CEL.SETS.P2
Kenya,2020,117.602526394779,mobile_subscriptions,IT.CEL.SETS.P2
Kenya,2019,106.547822056778,mobile_subscriptions,IT.CEL.SETS.P2
Kenya,2018,98.5944679106884,mobile_subscriptions,IT.CEL.SETS.P2
Kenya,2017,87.026530838819,mobile_subscriptions,IT.CEL.SETS.P2
Kenya,2016,80.9772361004341,mobile_subscriptions,IT.CEL.SETS.P2
Kenya,2015,80.0958263165851,mobile_subscriptions,IT.CEL.SETS.P2
Kenya,2014,73.0327455558393,mobile_subscriptions,IT.CEL.SETS.P2
Kenya,2013,70.7541086893706,mobile_subscriptions,IT.CEL.SETS.P2
Kenya,2012,70.0226527327794,mobile_subscriptions,IT.CEL.SETS.P2
Kenya,2011,65.6730161546273,mobile_subscriptions,IT.CEL.SETS.P2
Nigeria,2023,98.4772822731425,mobile_subscriptions,IT.CEL.SETS.P2
Nigeria,2022,99.5852151989567,mobile_subscriptions,IT.CEL.SETS.P2
Nigeria,2021,89.2915858426408,mobile_subscriptions,IT.CEL.SETS.P2
Nigeria,2020,95.4356648074949,mobile_subscriptions,IT.CEL.SETS.P2
Nigeria,2019,88.1169010528984,mobile_subscriptions,IT.CEL.SETS.P2
Nigeria,2018,84.2840110939485,mobile_subscriptions,IT.CEL.SETS.P2
Nigeria,2017,72.3679681751497,mobile_subscriptions,IT.CEL.SETS.P2
Nigeria,2016,78.970142296733,mobile_subscriptions,IT.CEL.SETS.P2
Nigeria,2015,79.1045279367312,mobile_subscriptions,IT.CEL.SETS.P2
Nigeria,2014,74.7512781478918,mobile_subscriptions,IT.CEL.SETS.P2
Nigeria,2013,70.282509513161,mobile_subscriptions,IT.CEL.SETS.P2
Nigeria,2012,64.0053263148187,mobile_subscriptions,IT.CEL.SETS.P2
Nigeria,2011,55.5301267540609,mobile_subscriptions,IT.CEL.SETS.P2
Sub-Saharan Africa,2023,90.0,mobile_subscriptions,IT.CEL.SETS.P2
Sub-Saharan Africa,2022,87.6,mobile_subscriptions,IT.CEL.SETS.P2
Sub-Saharan Africa,2021,83.0,mobile_subscriptions,IT.CEL.SETS.P2
Sub-Saharan Africa,2020,80.8,mobile_subscriptions,IT.CEL.SETS.P2
Sub-Saharan Africa,2019,77.4,mobile_subscriptions,IT.CEL.SETS.P2
Sub-Saharan Africa,2018,74.4,mobile_subscriptions,IT.CEL.SETS.P2
Sub-Saharan Africa,2017,70.8,mobile_subscriptions,IT.CEL.SETS.P2
Sub-Saharan Africa,2016,71.5,mobile_subscriptions,IT.CEL.SETS.P2
Sub-Saharan Africa,2015,73.3,mobile_subscriptions,IT.CEL.SETS.P2
Sub-Saharan Africa,2014,69.3784866915021,mobile_subscriptions,IT.CEL.SETS.P2
Sub-Saharan Africa,2013,64.7110646670392,mobile_subscriptions,IT.CEL.SETS.P2
Sub-Saharan Africa,2012,58.5825096571309,mobile_subscriptions,IT.CEL.SETS.P2
Sub-Saharan Africa,2011,52.1634151225671,mobile_subscriptions,IT.CEL.SETS.P2
World,2023,109.8,mobile_subscriptions,IT.CEL.SETS.P2
World,2022,108.0,mobile_subscriptions,IT.CEL.SETS.P2
World,2021,106.7,mobile_subscriptions,IT.CEL.SETS.P2
World,2020,104.8,mobile_subscriptions,IT.CEL.SETS.P2
World,2019,105.9,mobile_subscriptions,IT.CEL.SETS.P2
World,2018,103.1,mobile_subscriptions,IT.CEL.SETS.P2
World,2017,101.4,mobile_subscriptions,IT.CEL.SETS.P2
World,2016,99.3,mobile_subscriptions,IT.CEL.SETS.P2
World,2015,96.1,mobile_subscriptions,IT.CEL.SETS.P2
World,2014,96.7,mobile_subscriptions,IT.CEL.SETS.P2
World,2013,93.1,mobile_subscriptions,IT.CEL.SETS.P2
World,2012,88.5,mobile_subscriptions,IT.CEL.SETS.P2
World,2011,84.2,mobile_subscriptions,IT.CEL.SETS.P2
South Africa,2023,171.508619260428,mobile_subscriptions,IT.CEL.SETS.P2
South Africa,2022,160.728511675754,mobile_subscriptions,IT.CEL.SETS.P2
South Africa,2021,163.12806305125,mobile_subscriptions,IT.CEL.SETS.P2
South Africa,2020,158.447269436121,mobile_subscriptions,IT.CEL.SETS.P2
South Africa,2019,162.73854828041,mobile_subscriptions,IT.CEL.SETS.P2
South Africa,2018,157.691905248121,mobile_subscriptions,IT.CEL.SETS.P2
South Africa,2017,153.547950468153,mobile_subscriptions,IT.CEL.SETS.P2
South Africa,2016,143.92861725374,mobile_subscriptions,IT.CEL.SETS.P2
South Africa,2015,155.137526067883,mobile_subscriptions,IT.CEL.SETS.P2
South Africa,2014,142.60448245213,mobile_subscriptions,IT.CEL.SETS.P2
South Africa,2013,140.576037974212,mobile_subscriptions,IT.CEL.SETS.P2
South Africa,2012,127.16760060932,mobile_subscriptions,IT.CEL.SETS.P2
South Africa,2011,120.765642853915,mobile_subscriptions,IT.CEL.SETS.P2
"Egypt, Arab Rep.",2023,74.01190186,internet_users,IT.NET.USER.ZS
"Egypt, Arab Rep.",2022,72.19806556,internet_users,IT.NET.USER.ZS
"Egypt, Arab Rep.",2021,72.05599976,internet_users,IT.NET.USER.ZS
"Egypt, Arab Rep.",2020,71.91420096,internet_users,IT.NET.USER.ZS
"Egypt, Arab Rep.",2019,57.2828663990195,internet_users,IT.NET.USER.ZS
"Egypt, Arab Rep.",2018,46.92433676792,internet_users,IT.NET.USER.ZS
"Egypt, Arab Rep.",2017,44.9502042452857,internet_users,IT.NET.USER.ZS
"Egypt, Arab Rep.",2016,41.2480670885772,internet_users,IT.NET.USER.ZS
"Egypt, Arab Rep.",2015,37.8193834276939,internet_users,IT.NET.USER.ZS
"Egypt, Arab Rep.",2014,33.8946039115275,internet_users,IT.NET.USER.ZS
"Egypt, Arab Rep.",2013,29.4,internet_users,IT.NET.USER.ZS
"Egypt, Arab Rep.",2012,26.4,internet_users,IT.NET.USER.ZS
"Egypt, Arab Rep.",2011,25.6,internet_users,IT.NET.USER.ZS
Ethiopia,2023,20.33749962,internet_users,IT.NET.USER.ZS
Ethiopia,2022,17.9836998,internet_users,IT.NET.USER.ZS
Ethiopia,2021,16.6981031,internet_users,IT.NET.USER.ZS
Ethiopia,2020,16.06959915,internet_users,IT.NET.USER.ZS
Ethiopia,2019,15.98460007,internet_users,IT.NET.USER.ZS
Ethiopia,2018,15.88619995,internet_users,IT.NET.USER.ZS
Ethiopia,2017,15.62440014,internet_users,IT.NET.USER.ZS
Ethiopia,2016,15.3669238595896,internet_users,IT.NET.USER.ZS
Ethiopia,2015,13.8551755555556,internet_users,IT.NET.USER.ZS
Ethiopia,2014,7.699999809,internet_users,IT.NET.USER.ZS
Ethiopia,2013,4.599999905,internet_users,IT.NET.USER.ZS
Ethiopia,2012,2.900000095,internet_users,IT.NET.USER.ZS
Ethiopia,2011,1.100000024,internet_users,IT.NET.USER.ZS
Ghana,2023,70.67430115,internet_users,IT.NET.USER.ZS
Ghana,2022,69.91329956,internet_users,IT.NET.USER.ZS
Ghana,2021,68.6,internet_users,IT.NET.USER.ZS
Ghana,2020,62.51760101,internet_users,IT.NET.USER.ZS
Ghana,2019,22.0732,internet_users,IT.NET.USER.ZS
Ghana,2018,43.0,internet_users,IT.NET.USER.ZS
Ghana,2017,37.88420105,internet_users,IT.NET.USER.ZS
Ghana,2016,28.0,internet_users,IT.NET.USER.ZS
Ghana,2015,23.0,internet_users,IT.NET.USER.ZS
Ghana,2014,19.0,internet_users,IT.NET.USER.ZS
Ghana,2013,15.0,internet_users,IT.NET.USER.ZS
Ghana,2012,10.6,internet_users,IT.NET.USER.ZS
Ghana,2011,9.0,internet_users,IT.NET.USER.ZS
Kenya,2023,32.07040024,internet_users,IT.NET.USER.ZS
Kenya,2022,29.40589905,internet_users,IT.NET.USER.ZS
Kenya,2021,26.96290016,internet_users,IT.NET.USER.ZS
Kenya,2020,24.7227993,internet_users,IT.NET.USER.ZS
Kenya,2019,22.6687733618171,internet_users,IT.NET.USER.ZS
Kenya,2018,19.5,internet_users,IT.NET.USER.ZS
Kenya,2017,17.82710075,internet_users,IT.NET.USER.ZS
Kenya,2016,16.6,internet_users,IT.NET.USER.ZS
Kenya,2015,16.5878548475992,internet_users,IT.NET.USER.ZS
Kenya,2014,16.5,internet_users,IT.NET.USER.ZS
Kenya,2013,13.0,internet_users,IT.NET.USER.ZS
Kenya,2012,10.5,internet_users,IT.NET.USER.ZS
Kenya,2011,8.800000191,internet_users,IT.NET.USER.ZS
Nigeria,2023,40.06399918,internet_users,IT.NET.USER.ZS
Nigeria,2022,39.14720154,internet_users,IT.NET.USER.ZS
Nigeria,2021,35.50979996,internet_users,IT.NET.USER.ZS
Nigeria,2020,31.88879967,internet_users,IT.NET.USER.ZS
Nigeria,2019,29.74410057,internet_users,IT.NET.USER.ZS
Nigeria,2018,27.74370003,internet_users,IT.NET.USER.ZS
Nigeria,2017,25.87789917,internet_users,IT.NET.USER.ZS
Nigeria,2016,24.13750076,internet_users,IT.NET.USER.ZS
Nigeria,2015,22.51420021,internet_users,IT.NET.USER.ZS
Nigeria,2014,21.0,internet_users,IT.NET.USER.ZS
Nigeria,2013,19.10000038,internet_users,IT.NET.USER.ZS
Nigeria,2012,16.10000038,internet_users,IT.NET.USER.ZS
Nigeria,2011,13.80000019,internet_users,IT.NET.USER.ZS
Sub-Saharan Africa,2023,32.3,internet_users,IT.NET.USER.ZS
Sub-Saharan Africa,2022,31.1,internet_users,IT.NET.USER.ZS
Sub-Saharan Africa,2021,29.0,internet_users,IT.NET.USER.ZS
Sub-Saharan Africa,2020,26.7,internet_users,IT.NET.USER.ZS
Sub-Saharan Africa,2019,24.4,internet_users,IT.NET.USER.ZS
Sub-Saharan Africa,2018,22.0,internet_users,IT.NET.USER.ZS
Sub-Saharan Africa,2017,20.0,internet_users,IT.NET.USER.ZS
Sub-Saharan Africa,2016,18.3,internet_users,IT.NET.USER.ZS
Sub-Saharan Africa,2015,16.2,internet_users,IT.NET.USER.ZS
Sub-Saharan Africa,2014,13.4,internet_users,IT.NET.USER.ZS
Sub-Saharan Africa,2013,11.2,internet_users,IT.NET.USER.ZS
Sub-Saharan Africa,2012,9.2,internet_users,IT.NET.USER.ZS
Sub-Saharan Africa,2011,7.5,internet_users,IT.NET.USER.ZS
World,2023,69.2,internet_users,IT.NET.USER.ZS
World,2022,67.0,internet_users,IT.NET.USER.ZS
World,2021,63.8,internet_users,IT.NET.USER.ZS
World,2020,60.1,internet_users,IT.NET.USER.ZS
World,2019,53.9,internet_users,IT.NET.USER.ZS
World,2018,49.4,internet_users,IT.NET.USER.ZS
World,2017,46.3,internet_users,IT.NET.USER.ZS
World,2016,43.6,internet_users,IT.NET.USER.ZS
World,2015,39.9,internet_users,IT.NET.USER.ZS
World,2014,37.4,internet_users,IT.NET.USER.ZS
World,2013,35.3,internet_users,IT.NET.USER.ZS
World,2012,33.3,internet_users,IT.NET.USER.ZS
World,2011,30.9,internet_users,IT.NET.USER.ZS
South Africa,2023,78.33670044,internet_users,IT.NET.USER.ZS
South Africa,2022,78.29319763,internet_users,IT.NET.USER.ZS
South Africa,2021,74.96859741,internet_users,IT.NET.USER.ZS
South Africa,2020,72.1128006,internet_users,IT.NET.USER.ZS
South Africa,2019,69.69689941,internet_users,IT.NET.USER.ZS
South Africa,2018,62.40000153,internet_users,IT.NET.USER.ZS
South Africa,2017,56.16740036,internet_users,IT.NET.USER.ZS
South Africa,2016,54.0,internet_users,IT.NET.USER.ZS
South Africa,2015,51.91910172,internet_users,IT.NET.USER.ZS
South Africa,2014,49.0,internet_users,IT.NET.USER.ZS
South Africa,2013,46.5,internet_users,IT.NET.USER.ZS
South Africa,2012,41.0,internet_users,IT.NET.USER.ZS
South Africa,2011,33.97,internet_users,IT.NET.USER.ZS
"Egypt, Arab Rep.",2023,395926075163.006,gdp_usd,NY.GDP.MKTP.CD
"Egypt, Arab Rep.",2022,476747720364.742,gdp_usd,NY.GDP.MKTP.CD
"Egypt, Arab Rep.",2021,424671765455.704,gdp_usd,NY.GDP.MKTP.CD
"Egypt, Arab Rep.",2020,383817841547.099,gdp_usd,NY.GDP.MKTP.CD
"Egypt, Arab Rep.",2019,318678815489.749,gdp_usd,NY.GDP.MKTP.CD
"Egypt, Arab Rep.",2018,262588632526.73,gdp_usd,NY.GDP.MKTP.CD
"Egypt, Arab Rep.",2017,248362771739.13,gdp_usd,NY.GDP.MKTP.CD
"Egypt, Arab Rep.",2016,332441717791.411,gdp_usd,NY.GDP.MKTP.CD
"Egypt, Arab Rep.",2015,329366576819.407,gdp_usd,NY.GDP.MKTP.CD
"Egypt, Arab Rep.",2014,305595408895.265,gdp_usd,NY.GDP.MKTP.CD
"Egypt, Arab Rep.",2013,288434108527.132,gdp_usd,NY.GDP.MKTP.CD
"Egypt, Arab Rep.",2012,279116666666.667,gdp_usd,NY.GDP.MKTP.CD
"Egypt, Arab Rep.",2011,235989672977.625,gdp_usd,NY.GDP.MKTP.CD
Ethiopia,2023,135874093202.492,gdp_usd,NY.GDP.MKTP.CD
Ethiopia,2022,123140304666.0,gdp_usd,NY.GDP.MKTP.CD
Ethiopia,2021,109070960371.859,gdp_usd,NY.GDP.MKTP.CD
Ethiopia,2020,98676811061.4035,gdp_usd,NY.GDP.MKTP.CD
Ethiopia,2019,91834517112.628,gdp_usd,NY.GDP.MKTP.CD
Ethiopia,2018,83337901071.9697,gdp_usd,NY.GDP.MKTP.CD
Ethiopia,2017,76366081766.6667,gdp_usd,NY.GDP.MKTP.CD
Ethiopia,2016,68475871209.607,gdp_usd,NY.GDP.MKTP.CD
Ethiopia,2015,62103418181.8182,gdp_usd,NY.GDP.MKTP.CD
Ethiopia,2014,55612228233.5179,gdp_usd,NY.GDP.MKTP.CD
Ethiopia,2013,47648276605.0123,gdp_usd,NY.GDP.MKTP.CD
Ethiopia,2012,43310721414.0829,gdp_usd,NY.GDP.MKTP.CD
Ethiopia,2011,31952763089.33,gdp_usd,NY.GDP.MKTP.CD
Ghana,2023,80547146878.3843,gdp_usd,NY.GDP.MKTP.CD
Ghana,2022,73919003209.9866,gdp_usd,NY.GDP.MKTP.CD
Ghana,2021,79514204730.3979,gdp_usd,NY.GDP.MKTP.CD
Ghana,2020,70008243859.8666,gdp_usd,NY.GDP.MKTP.CD
Ghana,2019,68352629246.1555,gdp_usd,NY.GDP.MKTP.CD
Ghana,2018,67259353965.6087,gdp_usd,NY.GDP.MKTP.CD
Ghana,2017,60385409434.8567,gdp_usd,NY.GDP.MKTP.CD
Ghana,2016,56144179397.8516,gdp_usd,NY.GDP.MKTP.CD
Ghana,2015,49436806230.4839,gdp_usd,NY.GDP.MKTP.CD
Ghana,2014,54678533805.9064,gdp_usd,NY.GDP.MKTP.CD
Ghana,2013,62845721959.827,gdp_usd,NY.GDP.MKTP.CD
Ghana,2012,41271701060.954,gdp_usd,NY.GDP.MKTP.CD
Ghana,2011,39336668080.559,gdp_usd,NY.GDP.MKTP.CD
Kenya,2023,107500884685.013,gdp_usd,NY.GDP.MKTP.CD
Kenya,2022,114448978152.637,gdp_usd,NY.GDP.MKTP.CD
Kenya,2021,109703658904.994,gdp_usd,NY.GDP.MKTP.CD
Kenya,2020,100657505750.545,gdp_usd,NY.GDP.MKTP.CD
Kenya,2019,100378436207.371,gdp_usd,NY.GDP.MKTP.CD
Kenya,2018,92202979985.2863,gdp_usd,NY.GDP.MKTP.CD
Kenya,2017,82036510877.2599,gdp_usd,NY.GDP.MKTP.CD
Kenya,2016,74815144163.8931,gdp_usd,NY.GDP.MKTP.CD
Kenya,2015,70120446896.8359,gdp_usd,NY.GDP.MKTP.CD
Kenya,2014,68285796514.2896,gdp_usd,NY.GDP.MKTP.CD
Kenya,2013,61671440407.8387,gdp_usd,NY.GDP.MKTP.CD
Kenya,2012,56396704671.5777,gdp_usd,NY.GDP.MKTP.CD
Kenya,2011,46869473150.61,gdp_usd,NY.GDP.MKTP.CD
Nigeria,2023,487387801880.597,gdp_usd,NY.GDP.MKTP.CD
Nigeria,2022,646950257577.814,gdp_usd,NY.GDP.MKTP.CD
Nigeria,2021,609147716972.859,gdp_usd,NY.GDP.MKTP.CD
Nigeria,2020,598586817819.073,gdp_usd,NY.GDP.MKTP.CD
Nigeria,2019,668219992691.462,gdp_usd,NY.GDP.MKTP.CD
Nigeria,2018,421739251509.08,gdp_usd,NY.GDP.MKTP.CD
Nigeria,2017,375745731053.427,gdp_usd,NY.GDP.MKTP.CD
Nigeria,2016,404649125252.16,gdp_usd,NY.GDP.MKTP.CD
Nigeria,2015,493026682800.63,gdp_usd,NY.GDP.MKTP.CD
Nigeria,2014,574183763411.508,gdp_usd,NY.GDP.MKTP.CD
Nigeria,2013,520117180313.906,gdp_usd,NY.GDP.MKTP.CD
Nigeria,2012,463971018239.281,gdp_usd,NY.GDP.MKTP.CD
Nigeria,2011,414466676831.16,gdp_usd,NY.GDP.MKTP.CD
Sub-Saharan Africa,2023,2117597425394.64,gdp_usd,NY.GDP.MKTP.CD
Sub-Saharan Africa,2022,2292617010267.0,gdp_usd,NY.GDP.MKTP.CD
Sub-Saharan Africa,2021,2140795804040.0,gdp_usd,NY.GDP.MKTP.CD
Sub-Saharan Africa,2020,1902392262699.06,gdp_usd,NY.GDP.MKTP.CD
Sub-Saharan Africa,2019,2045711007848.14,gdp_usd,NY.GDP.MKTP.CD
Sub-Saharan Africa,2018,1798796101321.48,gdp_usd,NY.GDP.MKTP.CD
Sub-Saharan Africa,2017,1672127811803.69,gdp_usd,NY.GDP.MKTP.CD
Sub-Saharan Africa,2016,1531896244777.68,gdp_usd,NY.GDP.MKTP.CD
Sub-Saharan Africa,2015,1688024093175.49,gdp_usd,NY.GDP.MKTP.CD
Sub-Saharan Africa,2014,1902908083279.38,gdp_usd,NY.GDP.MKTP.CD
Sub-Saharan Africa,2013,1825489288568.26,gdp_usd,NY.GDP.MKTP.CD
Sub-Saharan Africa,2012,1717295733292.83,gdp_usd,NY.GDP.MKTP.CD
Sub-Saharan Africa,2011,1650955876097.19,gdp_usd,NY.GDP.MKTP.CD
World,2023,106741647821064.0,gdp_usd,NY.GDP.MKTP.CD
World,2022,102251524725531.0,gdp_usd,NY.GDP.MKTP.CD
World,2021,98140475264975.8,gdp_usd,NY.GDP.MKTP.CD
World,2020,85912761035231.2,gdp_usd,NY.GDP.MKTP.CD
World,2019,88483262418196.7,gdp_usd,NY.GDP.MKTP.CD
World,2018,87050964956078.4,gdp_usd,NY.GDP.MKTP.CD
World,2017,81839102917044.7,gdp_usd,NY.GDP.MKTP.CD
World,2016,76831684012526.2,gdp_usd,NY.GDP.MKTP.CD
World,2015,75621913961646.1,gdp_usd,NY.GDP.MKTP.CD
World,2014,80054888775431.1,gdp_usd,NY.GDP.MKTP.CD
World,2013,78034892841179.1,gdp_usd,NY.GDP.MKTP.CD
World,2012,75960594595757.0,gdp_usd,NY.GDP.MKTP.CD
World,2011,74309709353789.3,gdp_usd,NY.GDP.MKTP.CD
South Africa,2023,381440724491.232,gdp_usd,NY.GDP.MKTP.CD
South Africa,2022,407596043067.885,gdp_usd,NY.GDP.MKTP.CD
South Africa,2021,419986284375.368,gdp_usd,NY.GDP.MKTP.CD
South Africa,2020,337974655408.055,gdp_usd,NY.GDP.MKTP.CD
South Africa,2019,389330032224.269,gdp_usd,NY.GDP.MKTP.CD
South Africa,2018,405260723892.517,gdp_usd,NY.GDP.MKTP.CD
South Africa,2017,381448814653.456,gdp_usd,NY.GDP.MKTP.CD
South Africa,2016,323585509674.481,gdp_usd,NY.GDP.MKTP.CD
South Africa,2015,346709790458.563,gdp_usd,NY.GDP.MKTP.CD
South Africa,2014,381198869776.106,gdp_usd,NY.GDP.MKTP.CD
South Africa,2013,400886013595.573,gdp_usd,NY.GDP.MKTP.CD
South Africa,2012,434400545085.811,gdp_usd,NY.GDP.MKTP.CD
South Africa,2011,458199494830.834,gdp_usd,NY.GDP.MKTP.CD
"Egypt, Arab Rep.",2023,3456.78968456253,gdp_per_capita,NY.GDP.PCAP.CD
"Egypt, Arab Rep.",2022,4233.30783744856,gdp_per_capita,NY.GDP.PCAP.CD
"Egypt, Arab Rep.",2021,3827.35415374308,gdp_per_capita,NY.GDP.PCAP.CD
"Egypt, Arab Rep.",2020,3511.11381026379,gdp_per_capita,NY.GDP.PCAP.CD
"Egypt, Arab Rep.",2019,2962.98892023003,gdp_per_capita,NY.GDP.PCAP.CD
"Egypt, Arab Rep.",2018,2484.70315630508,gdp_per_capita,NY.GDP.PCAP.CD
"Egypt, Arab Rep.",2017,2395.10333299491,gdp_per_capita,NY.GDP.PCAP.CD
"Egypt, Arab Rep.",2016,3270.6287768197,gdp_per_capita,NY.GDP.PCAP.CD
"Egypt, Arab Rep.",2015,3306.98159414141,gdp_per_capita,NY.GDP.PCAP.CD
"Egypt, Arab Rep.",2014,3133.39102265541,gdp_per_capita,NY.GDP.PCAP.CD
"Egypt, Arab Rep.",2013,3025.52563552448,gdp_per_capita,NY.GDP.PCAP.CD
"Egypt, Arab Rep.",2012,2996.0677072015,gdp_per_capita,NY.GDP.PCAP.CD
"Egypt, Arab Rep.",2011,2590.64384891965,gdp_per_capita,NY.GDP.PCAP.CD
Ethiopia,2023,1055.81091592527,gdp_per_capita,NY.GDP.PCAP.CD
Ethiopia,2022,982.103161506992,gdp_per_capita,NY.GDP.PCAP.CD
Ethiopia,2021,893.00983544905,gdp_per_capita,NY.GDP.PCAP.CD
Ethiopia,2020,829.790982547947,gdp_per_capita,NY.GDP.PCAP.CD
Ethiopia,2019,793.473247210264,gdp_per_capita,NY.GDP.PCAP.CD
Ethiopia,2018,739.702022272086,gdp_per_capita,NY.GDP.PCAP.CD
Ethiopia,2017,696.348429076216,gdp_per_capita,NY.GDP.PCAP.CD
Ethiopia,2016,641.651523286233,gdp_per_capita,NY.GDP.PCAP.CD
Ethiopia,2015,597.912113218663,gdp_per_capita,NY.GDP.PCAP.CD
Ethiopia,2014,549.986577082588,gdp_per_capita,NY.GDP.PCAP.CD
Ethiopia,2013,484.039833104062,gdp_per_capita,NY.GDP.PCAP.CD
Ethiopia,2012,452.101031885754,gdp_per_capita,NY.GDP.PCAP.CD
Ethiopia,2011,343.024942351887,gdp_per_capita,NY.GDP.PCAP.CD
Ghana,2023,2383.90410483418,gdp_per_capita,NY.GDP.PCAP.CD
Ghana,2022,2229.89122647803,gdp_per_capita,NY.GDP.PCAP.CD
Ghana,2021,2445.18662529344,gdp_per_capita,NY.GDP.PCAP.CD
Ghana,2020,2195.45481659987,gdp_per_capita,NY.GDP.PCAP.CD
Ghana,2019,2186.65822682613,gdp_per_capita,NY.GDP.PCAP.CD
Ghana,2018,2195.32166016377,gdp_per_capita,NY.GDP.PCAP.CD
Ghana,2017,2012.28662641265,gdp_per_capita,NY.GDP.PCAP.CD
Ghana,2016,1912.47991339951,gdp_per_capita,NY.GDP.PCAP.CD
Ghana,2015,1722.77282833606,gdp_per_capita,NY.GDP.PCAP.CD
Ghana,2014,1949.90832923846,gdp_per_capita,NY.GDP.PCAP.CD
Ghana,2013,2294.79584693743,gdp_per_capita,NY.GDP.PCAP.CD
Ghana,2012,1543.77524235764,gdp_per_capita,NY.GDP.PCAP.CD
Ghana,2011,1507.43573198753,gdp_per_capita,NY.GDP.PCAP.CD
Kenya,2023,1942.58802756191,gdp_per_capita,NY.GDP.PCAP.CD
Kenya,2022,2109.56288513137,gdp_per_capita,NY.GDP.PCAP.CD
Kenya,2021,2061.35622089594,gdp_per_capita,NY.GDP.PCAP.CD
Kenya,2020,1927.66459027849,gdp_per_capita,NY.GDP.PCAP.CD
Kenya,2019,1960.40808854893,gdp_per_capita,NY.GDP.PCAP.CD
Kenya,2018,1836.45275528993,gdp_per_capita,NY.GDP.PCAP.CD
Kenya,2017,1667.48447230835,gdp_per_capita,NY.GDP.PCAP.CD
Kenya,2016,1554.12610314423,gdp_per_capita,NY.GDP.PCAP.CD
Kenya,2015,1489.11959777284,gdp_per_capita,NY.GDP.PCAP.CD
Kenya,2014,1482.81566253497,gdp_per_capita,NY.GDP.PCAP.CD
Kenya,2013,1370.87885214659,gdp_per_capita,NY.GDP.PCAP.CD
Kenya,2012,1285.00536171512,gdp_per_capita,NY.GDP.PCAP.CD
Kenya,2011,1096.14499807675,gdp_per_capita,NY.GDP.PCAP.CD
Nigeria,2023,2138.76383719983,gdp_per_capita,NY.GDP.PCAP.CD
Nigeria,2022,2899.16047470324,gdp_per_capita,NY.GDP.PCAP.CD
Nigeria,2021,2787.48779224428,gdp_per_capita,NY.GDP.PCAP.CD
Nigeria,2020,2797.18458068686,gdp_per_capita,NY.GDP.PCAP.CD
Nigeria,2019,3189.81286498516,gdp_per_capita,NY.GDP.PCAP.CD
Nigeria,2018,2057.87944554011,gdp_per_capita,NY.GDP.PCAP.CD
Nigeria,2017,1876.34027111773,gdp_per_capita,NY.GDP.PCAP.CD
Nigeria,2016,2070.4127339595,gdp_per_capita,NY.GDP.PCAP.CD
Nigeria,2015,2585.73360671797,gdp_per_capita,NY.GDP.PCAP.CD
Nigeria,2014,3088.72131316169,gdp_per_capita,NY.GDP.PCAP.CD
Nigeria,2013,2872.79083379398,gdp_per_capita,NY.GDP.PCAP.CD
Nigeria,2012,2633.19734671361,gdp_per_capita,NY.GDP.PCAP.CD
Nigeria,2011,2418.41316975875,gdp_per_capita,NY.GDP.PCAP.CD
Sub-Saharan Africa,2023,1680.77966672218,gdp_per_capita,NY.GDP.PCAP.CD
Sub-Saharan Africa,2022,1865.11635260699,gdp_per_capita,NY.GDP.PCAP.CD
Sub-Saharan Africa,2021,1785.46664916614,gdp_per_capita,NY.GDP.PCAP.CD
Sub-Saharan Africa,2020,1627.34569596297,gdp_per_capita,NY.GDP.PCAP.CD
Sub-Saharan Africa,2019,1795.5612786554,gdp_per_capita,NY.GDP.PCAP.CD
Sub-Saharan Africa,2018,1620.54140805919,gdp_per_capita,NY.GDP.PCAP.CD
Sub-Saharan Africa,2017,1546.91774199323,gdp_per_capita,NY.GDP.PCAP.CD
Sub-Saharan Africa,2016,1455.03525304571,gdp_per_capita,NY.GDP.PCAP.CD
Sub-Saharan Africa,2015,1646.44941139316,gdp_per_capita,NY.GDP.PCAP.CD
Sub-Saharan Africa,2014,1906.79596971017,gdp_per_capita,NY.GDP.PCAP.CD
Sub-Saharan Africa,2013,1879.5587312692,gdp_per_capita,NY.GDP.PCAP.CD
Sub-Saharan Africa,2012,1817.30125816633,gdp_per_capita,NY.GDP.PCAP.CD
Sub-Saharan Africa,2011,1795.43814856316,gdp_per_capita,NY.GDP.PCAP.CD
World,2023,13236.7163960917,gdp_per_capita,NY.GDP.PCAP.CD
World,2022,12798.1658465319,gdp_per_capita,NY.GDP.PCAP.CD
World,2021,12390.6686716727,gdp_per_capita,NY.GDP.PCAP.CD
World,2020,10937.6846205191,gdp_per_capita,NY.GDP.PCAP.CD
World,2019,11376.0818134476,gdp_per_capita,NY.GDP.PCAP.CD
World,2018,11309.3830773178,gdp_per_capita,NY.GDP.PCAP.CD
World,2017,10747.764306505,gdp_per_capita,NY.GDP.PCAP.CD
World,2016,10204.9287763386,gdp_per_capita,NY.GDP.PCAP.CD
World,2015,10161.9445773233,gdp_per_capita,NY.GDP.PCAP.CD
World,2014,10885.7966024868,gdp_per_capita,NY.GDP.PCAP.CD
World,2013,10739.8911620948,gdp_per_capita,NY.GDP.PCAP.CD
World,2012,10583.9966715989,gdp_per_capita,NY.GDP.PCAP.CD
World,2011,10485.1771943036,gdp_per_capita,NY.GDP.PCAP.CD
South Africa,2023,6034.27208964673,gdp_per_capita,NY.GDP.PCAP.CD
South Africa,2022,6534.24867783397,gdp_per_capita,NY.GDP.PCAP.CD
South Africa,2021,6828.75624590017,gdp_per_capita,NY.GDP.PCAP.CD
South Africa,2020,5580.60383075189,gdp_per_capita,NY.GDP.PCAP.CD
South Africa,2019,6533.71121032856,gdp_per_capita,NY.GDP.PCAP.CD
South Africa,2018,6914.1780318076,gdp_per_capita,NY.GDP.PCAP.CD
South Africa,2017,6618.33508255701,gdp_per_capita,NY.GDP.PCAP.CD
South Africa,2016,5651.20585165749,gdp_per_capita,NY.GDP.PCAP.CD
South Africa,2015,6112.27382485974,gdp_per_capita,NY.GDP.PCAP.CD
South Africa,2014,6856.73137092522,gdp_per_capita,NY.GDP.PCAP.CD
South Africa,2013,7331.65467384919,gdp_per_capita,NY.GDP.PCAP.CD
South Africa,2012,8076.97678479741,gdp_per_capita,NY.GDP.PCAP.CD
South Africa,2011,8646.05571071635,gdp_per_capita,NY.GDP.PCAP.CD
"Egypt, Arab Rep.",2023,33.8847763115546,inflation,FP.CPI.TOTL.ZG
"Egypt, Arab Rep.",2022,13.8956609775177,inflation,FP.CPI.TOTL.ZG
"Egypt, Arab Rep.",2021,5.21404940513042,inflation,FP.CPI.TOTL.ZG
"Egypt, Arab Rep.",2020,5.04493288977538,inflation,FP.CPI.TOTL.ZG
"Egypt, Arab Rep.",2019,9.15279959324803,inflation,FP.CPI.TOTL.ZG
"Egypt, Arab Rep.",2018,14.4014657807421,inflation,FP.CPI.TOTL.ZG
"Egypt, Arab Rep.",2017,29.5066083940038,inflation,FP.CPI.TOTL.ZG
"Egypt, Arab Rep.",2016,13.8136062148289,inflation,FP.CPI.TOTL.ZG
"Egypt, Arab Rep.",2015,10.370490343517,inflation,FP.CPI.TOTL.ZG
"Egypt, Arab Rep.",2014,10.0702154687481,inflation,FP.CPI.TOTL.ZG
"Egypt, Arab Rep.",2013,9.4697198106492,inflation,FP.CPI.TOTL.ZG
"Egypt, Arab Rep.",2012,7.11172943343082,inflation,FP.CPI.TOTL.ZG
"Egypt, Arab Rep.",2011,10.0649259874818,inflation,FP.CPI.TOTL.ZG
Ethiopia,2023,30.2188278135278,inflation,FP.CPI.TOTL.ZG
Ethiopia,2022,33.8898797100898,inflation,FP.CPI.TOTL.ZG
Ethiopia,2021,26.8395221557722,inflation,FP.CPI.TOTL.ZG
Ethiopia,2020,20.3563468559061,inflation,FP.CPI.TOTL.ZG
Ethiopia,2019,15.8096321719344,inflation,FP.CPI.TOTL.ZG
Ethiopia,2018,13.8330356586661,inflation,FP.CPI.TOTL.ZG
Ethiopia,2017,10.6871150284238,inflation,FP.CPI.TOTL.ZG
Ethiopia,2016,6.62813337230924,inflation,FP.CPI.TOTL.ZG
Ethiopia,2015,9.56889955968623,inflation,FP.CPI.TOTL.ZG
Ethiopia,2014,6.89001951597191,inflation,FP.CPI.TOTL.ZG
Ethiopia,2013,7.46402192944517,inflation,FP.CPI.TOTL.ZG
Ethiopia,2012,23.600417677317,inflation,FP.CPI.TOTL.ZG
Ethiopia,2011,33.2499598823344,inflation,FP.CPI.TOTL.ZG
Ghana,2023,38.1069656296501,inflation,FP.CPI.TOTL.ZG
Ghana,2022,31.2558951049016,inflation,FP.CPI.TOTL.ZG
Ghana,2021,9.9710886750444,inflation,FP.CPI.TOTL.ZG
Ghana,2020,9.88728956269944,inflation,FP.CPI.TOTL.ZG
Ghana,2019,7.14364003330857,inflation,FP.CPI.TOTL.ZG
Ghana,2018,7.80876516610703,inflation,FP.CPI.TOTL.ZG
Ghana,2017,12.3719215507048,inflation,FP.CPI.TOTL.ZG
Ghana,2016,17.4546347070868,inflation,FP.CPI.TOTL.ZG
Ghana,2015,17.1499695007878,inflation,FP.CPI.TOTL.ZG
Ghana,2014,15.4896160333318,inflation,FP.CPI.TOTL.ZG
Ghana,2013,11.6661923071729,inflation,FP.CPI.TOTL.ZG
Ghana,2012,11.1863409441067,inflation,FP.CPI.TOTL.ZG
Ghana,2011,8.7284593709302,inflation,FP.CPI.TOTL.ZG
Kenya,2023,7.67139634029402,inflation,FP.CPI.TOTL.ZG
Kenya,2022,7.65986268272224,inflation,FP.CPI.TOTL.ZG
Kenya,2021,6.10793603659176,inflation,FP.CPI.TOTL.ZG
Kenya,2020,5.40516207933392,inflation,FP.CPI.TOTL.ZG
Kenya,2019,5.23963795764792,inflation,FP.CPI.TOTL.ZG
Kenya,2018,4.6898064677633,inflation,FP.CPI.TOTL.ZG
Kenya,2017,8.00564967709945,inflation,FP.CPI.TOTL.ZG
Kenya,2016,6.29724953814625,inflation,FP.CPI.TOTL.ZG
Kenya,2015,6.58215429284779,inflation,FP.CPI.TOTL.ZG
Kenya,2014,6.87815499275949,inflation,FP.CPI.TOTL.ZG
Kenya,2013,5.71749357037733,inflation,FP.CPI.TOTL.ZG
Kenya,2012,9.37777003547598,inflation,FP.CPI.TOTL.ZG
Kenya,2011,14.0224913014704,inflation,FP.CPI.TOTL.ZG
Nigeria,2023,24.659550203114,inflation,FP.CPI.TOTL.ZG
Nigeria,2022,18.8471877843274,inflation,FP.CPI.TOTL.ZG
Nigeria,2021,16.9528457221608,inflation,FP.CPI.TOTL.ZG
Nigeria,2020,13.2460234276597,inflation,FP.CPI.TOTL.ZG
Nigeria,2019,11.3964223378116,inflation,FP.CPI.TOTL.ZG
Nigeria,2018,12.0951065173432,inflation,FP.CPI.TOTL.ZG
Nigeria,2017,16.5022662139641,inflation,FP.CPI.TOTL.ZG
Nigeria,2016,15.6968126387972,inflation,FP.CPI.TOTL.ZG
Nigeria,2015,9.00943498007706,inflation,FP.CPI.TOTL.ZG
Nigeria,2014,8.04741087967907,inflation,FP.CPI.TOTL.ZG
Nigeria,2013,8.49551838265669,inflation,FP.CPI.TOTL.ZG
Nigeria,2012,12.2242413020584,inflation,FP.CPI.TOTL.ZG
Nigeria,2011,10.8261371880017,inflation,FP.CPI.TOTL.ZG
Sub-Saharan Africa,2023,,inflation,FP.CPI.TOTL.ZG
Sub-Saharan Africa,2022,,inflation,FP.CPI.TOTL.ZG
Sub-Saharan Africa,2021,,inflation,FP.CPI.TOTL.ZG
Sub-Saharan Africa,2020,,inflation,FP.CPI.TOTL.ZG
Sub-Saharan Africa,2019,,inflation,FP.CPI.TOTL.ZG
Sub-Saharan Africa,2018,,inflation,FP.CPI.TOTL.ZG
Sub-Saharan Africa,2017,,inflation,FP.CPI.TOTL.ZG
Sub-Saharan Africa,2016,,inflation,FP.CPI.TOTL.ZG
Sub-Saharan Africa,2015,,inflation,FP.CPI.TOTL.ZG
Sub-Saharan Africa,2014,,inflation,FP.CPI.TOTL.ZG
Sub-Saharan Africa,2013,,inflation,FP.CPI.TOTL.ZG
Sub-Saharan Africa,2012,,inflation,FP.CPI.TOTL.ZG
Sub-Saharan Africa,2011,,inflation,FP.CPI.TOTL.ZG
World,2023,,inflation,FP.CPI.TOTL.ZG
World,2022,,inflation,FP.CPI.TOTL.ZG
World,2021,,inflation,FP.CPI.TOTL.ZG
World,2020,,inflation,FP.CPI.TOTL.ZG
World,2019,,inflation,FP.CPI.TOTL.ZG
World,2018,,inflation,FP.CPI.TOTL.ZG
World,2017,,inflation,FP.CPI.TOTL.ZG
World,2016,,inflation,FP.CPI.TOTL.ZG
World,2015,,inflation,FP.CPI.TOTL.ZG
World,2014,,inflation,FP.CPI.TOTL.ZG
World,2013,,inflation,FP.CPI.TOTL.ZG
World,2012,,inflation,FP.CPI.TOTL.ZG
World,2011,,inflation,FP.CPI.TOTL.ZG
South Africa,2023,6.0752438457966,inflation,FP.CPI.TOTL.ZG
South Africa,2022,7.03987272546482,inflation,FP.CPI.TOTL.ZG
South Africa,2021,4.61874544887136,inflation,FP.CPI.TOTL.ZG
South Africa,2020,3.23238831615113,inflation,FP.CPI.TOTL.ZG
South Africa,2019,4.10285075461156,inflation,FP.CPI.TOTL.ZG
South Africa,2018,4.50987264867388,inflation,FP.CPI.TOTL.ZG
South Africa,2017,5.18618655524149,inflation,FP.CPI.TOTL.ZG
South Africa,2016,6.60290842394872,inflation,FP.CPI.TOTL.ZG
South Africa,2015,4.51869094892506,inflation,FP.CPI.TOTL.ZG
South Africa,2014,6.13282953059149,inflation,FP.CPI.TOTL.ZG
South Africa,2013,5.78016910069176,inflation,FP.CPI.TOTL.ZG
South Africa,2012,5.73797139141739,inflation,FP.CPI.TOTL.ZG
South Africa,2011,5.0008533879502,inflation,FP.CPI.TOTL.ZG
"Egypt, Arab Rep.",2023,42.7098115041919,urban_population_pct,SP.URB.TOTL.IN.ZS
"Egypt, Arab Rep.",2022,42.6325129008032,urban_population_pct,SP.URB.TOTL.IN.ZS
"Egypt, Arab Rep.",2021,42.5686062621468,urban_population_pct,SP.URB.TOTL.IN.ZS
"Egypt, Arab Rep.",2020,42.5181534630674,urban_population_pct,SP.URB.TOTL.IN.ZS
"Egypt, Arab Rep.",2019,42.4812027332648,urban_population_pct,SP.URB.TOTL.IN.ZS
"Egypt, Arab Rep.",2018,42.4577177449969,urban_population_pct,SP.URB.TOTL.IN.ZS
"Egypt, Arab Rep.",2017,42.4486008687179,urban_population_pct,SP.URB.TOTL.IN.ZS
"Egypt, Arab Rep.",2016,42.5210717266225,urban_population_pct,SP.URB.TOTL.IN.ZS
"Egypt, Arab Rep.",2015,42.6056314089048,urban_population_pct,SP.URB.TOTL.IN.ZS
"Egypt, Arab Rep.",2014,42.6825522284408,urban_population_pct,SP.URB.TOTL.IN.ZS
"Egypt, Arab Rep.",2013,42.7514277188751,urban_population_pct,SP.URB.TOTL.IN.ZS
"Egypt, Arab Rep.",2012,42.8118514138525,urban_population_pct,SP.URB.TOTL.IN.ZS
"Egypt, Arab Rep.",2011,42.8634168470177,urban_population_pct,SP.URB.TOTL.IN.ZS
Ethiopia,2023,23.0586471557617,urban_population_pct,SP.URB.TOTL.IN.ZS
Ethiopia,2022,22.7367687225342,urban_population_pct,SP.URB.TOTL.IN.ZS
Ethiopia,2021,22.1067085266113,urban_population_pct,SP.URB.TOTL.IN.ZS
Ethiopia,2020,21.6260051727295,urban_population_pct,SP.URB.TOTL.IN.ZS
Ethiopia,2019,21.2486705780029,urban_population_pct,SP.URB.TOTL.IN.ZS
Ethiopia,2018,20.7838096618652,urban_population_pct,SP.URB.TOTL.IN.ZS
Ethiopia,2017,20.3084850311279,urban_population_pct,SP.URB.TOTL.IN.ZS
Ethiopia,2016,19.8763618469238,urban_population_pct,SP.URB.TOTL.IN.ZS
Ethiopia,2015,19.451566696167,urban_population_pct,SP.URB.TOTL.IN.ZS
Ethiopia,2014,19.0262870788574,urban_population_pct,SP.URB.TOTL.IN.ZS
Ethiopia,2013,18.615514755249,urban_population_pct,SP.URB.TOTL.IN.ZS
Ethiopia,2012,18.2061367034912,urban_population_pct,SP.URB.TOTL.IN.ZS
Ethiopia,2011,17.863790512085,urban_population_pct,SP.URB.TOTL.IN.ZS
Ghana,2023,57.8074737774654,urban_population_pct,SP.URB.TOTL.IN.ZS
Ghana,2022,57.250609602871,urban_population_pct,SP.URB.TOTL.IN.ZS
Ghana,2021,56.6952556826536,urban_population_pct,SP.URB.TOTL.IN.ZS
Ghana,2020,56.2171613974837,urban_population_pct,SP.URB.TOTL.IN.ZS
Ghana,2019,55.7246279109161,urban_population_pct,SP.URB.TOTL.IN.ZS
Ghana,2018,55.218477566593,urban_population_pct,SP.URB.TOTL.IN.ZS
Ghana,2017,54.6991419779128,urban_population_pct,SP.URB.TOTL.IN.ZS
Ghana,2016,54.167052758274,urban_population_pct,SP.URB.TOTL.IN.ZS
Ghana,2015,53.6226415210752,urban_population_pct,SP.URB.TOTL.IN.ZS
Ghana,2014,53.0663398797148,urban_population_pct,SP.URB.TOTL.IN.ZS
Ghana,2013,52.4985794475913,urban_population_pct,SP.URB.TOTL.IN.ZS
Ghana,2012,51.9197918381031,urban_population_pct,SP.URB.TOTL.IN.ZS
Ghana,2011,51.3304086646488,urban_population_pct,SP.URB.TOTL.IN.ZS
Kenya,2023,31.6330340816429,urban_population_pct,SP.URB.TOTL.IN.ZS
Kenya,2022,31.4307820066946,urban_population_pct,SP.URB.TOTL.IN.ZS
Kenya,2021,31.2879334021971,urban_population_pct,SP.URB.TOTL.IN.ZS
Kenya,2020,31.2063494632616,urban_population_pct,SP.URB.TOTL.IN.ZS
Kenya,2019,31.1895566421135,urban_population_pct,SP.URB.TOTL.IN.ZS
Kenya,2018,31.3940041639796,urban_population_pct,SP.URB.TOTL.IN.ZS
Kenya,2017,31.5383650847102,urban_population_pct,SP.URB.TOTL.IN.ZS
Kenya,2016,31.6502520105647,urban_population_pct,SP.URB.TOTL.IN.ZS
Kenya,2015,31.7338026039958,urban_population_pct,SP.URB.TOTL.IN.ZS
Kenya,2014,31.7931545274563,urban_population_pct,SP.URB.TOTL.IN.ZS
Kenya,2013,31.8324454433988,urban_population_pct,SP.URB.TOTL.IN.ZS
Kenya,2012,31.8558130142761,urban_population_pct,SP.URB.TOTL.IN.ZS
Kenya,2011,31.8673949025409,urban_population_pct,SP.URB.TOTL.IN.ZS
Nigeria,2023,62.1746763155343,urban_population_pct,SP.URB.TOTL.IN.ZS
Nigeria,2022,61.3727650622225,urban_population_pct,SP.URB.TOTL.IN.ZS
Nigeria,2021,60.5698545383604,urban_population_pct,SP.URB.TOTL.IN.ZS
Nigeria,2020,59.7659654848781,urban_population_pct,SP.URB.TOTL.IN.ZS
Nigeria,2019,58.9611186427056,urban_population_pct,SP.URB.TOTL.IN.ZS
Nigeria,2018,58.1553347527729,urban_population_pct,SP.URB.TOTL.IN.ZS
Nigeria,2017,57.3486345560101,urban_population_pct,SP.URB.TOTL.IN.ZS
Nigeria,2016,56.541038793347,urban_population_pct,SP.URB.TOTL.IN.ZS
Nigeria,2015,55.7325682057138,urban_population_pct,SP.URB.TOTL.IN.ZS
Nigeria,2014,54.9232435340404,urban_population_pct,SP.URB.TOTL.IN.ZS
Nigeria,2013,54.1130855192568,urban_population_pct,SP.URB.TOTL.IN.ZS
Nigeria,2012,53.302114902293,urban_population_pct,SP.URB.TOTL.IN.ZS
Nigeria,2011,52.490352424079,urban_population_pct,SP.URB.TOTL.IN.ZS
Sub-Saharan Africa,2023,43.6392284682928,urban_population_pct,SP.URB.TOTL.IN.ZS
Sub-Saharan Africa,2022,43.1554770877868,urban_population_pct,SP.URB.TOTL.IN.ZS
Sub-Saharan Africa,2021,42.6486975646522,urban_population_pct,SP.URB.TOTL.IN.ZS
Sub-Saharan Africa,2020,42.1668389897844,urban_population_pct,SP.URB.TOTL.IN.ZS
Sub-Saharan Africa,2019,41.7069096868529,urban_population_pct,SP.URB.TOTL.IN.ZS
Sub-Saharan Africa,2018,41.2564673570093,urban_population_pct,SP.URB.TOTL.IN.ZS
Sub-Saharan Africa,2017,40.7747131803846,urban_population_pct,SP.URB.TOTL.IN.ZS
Sub-Saharan Africa,2016,40.3034255262744,urban_population_pct,SP.URB.TOTL.IN.ZS
Sub-Saharan Africa,2015,39.8380248903706,urban_population_pct,SP.URB.TOTL.IN.ZS
Sub-Saharan Africa,2014,39.3566853493116,urban_population_pct,SP.URB.TOTL.IN.ZS
Sub-Saharan Africa,2013,38.8780897487132,urban_population_pct,SP.URB.TOTL.IN.ZS
Sub-Saharan Africa,2012,38.4195200060049,urban_population_pct,SP.URB.TOTL.IN.ZS
Sub-Saharan Africa,2011,37.9761923221142,urban_population_pct,SP.URB.TOTL.IN.ZS
World,2023,57.3099507018106,urban_population_pct,SP.URB.TOTL.IN.ZS
World,2022,57.0703302851395,urban_population_pct,SP.URB.TOTL.IN.ZS
World,2021,56.8075140054202,urban_population_pct,SP.URB.TOTL.IN.ZS
World,2020,56.442553264507,urban_population_pct,SP.URB.TOTL.IN.ZS
World,2019,56.1393998135593,urban_population_pct,SP.URB.TOTL.IN.ZS
World,2018,55.7510358807325,urban_population_pct,SP.URB.TOTL.IN.ZS
World,2017,55.3184226450948,urban_population_pct,SP.URB.TOTL.IN.ZS
World,2016,54.8936424211134,urban_population_pct,SP.URB.TOTL.IN.ZS
World,2015,54.4246815745034,urban_population_pct,SP.URB.TOTL.IN.ZS
World,2014,53.9080111998113,urban_population_pct,SP.URB.TOTL.IN.ZS
World,2013,53.4324285544528,urban_population_pct,SP.URB.TOTL.IN.ZS
World,2012,52.9169643228086,urban_population_pct,SP.URB.TOTL.IN.ZS
World,2011,52.4574472014951,urban_population_pct,SP.URB.TOTL.IN.ZS
South Africa,2023,63.5823705163545,urban_population_pct,SP.URB.TOTL.IN.ZS
South Africa,2022,63.4766699210327,urban_population_pct,SP.URB.TOTL.IN.ZS
South Africa,2021,63.4503925883909,urban_population_pct,SP.URB.TOTL.IN.ZS
South Africa,2020,63.4373088310982,urban_population_pct,SP.URB.TOTL.IN.ZS
South Africa,2019,63.4127255007908,urban_population_pct,SP.URB.TOTL.IN.ZS
South Africa,2018,63.3771545246841,urban_population_pct,SP.URB.TOTL.IN.ZS
South Africa,2017,63.3311078299936,urban_population_pct,SP.URB.TOTL.IN.ZS
South Africa,2016,63.2750973439347,urban_population_pct,SP.URB.TOTL.IN.ZS
South Africa,2015,63.2096349937231,urban_population_pct,SP.URB.TOTL.IN.ZS
South Africa,2014,63.1352327065742,urban_population_pct,SP.URB.TOTL.IN.ZS
South Africa,2013,63.0524024097034,urban_population_pct,SP.URB.TOTL.IN.ZS
South Africa,2012,62.9616560303263,urban_population_pct,SP.URB.TOTL.IN.ZS
South Africa,2011,62.850627754452,urban_population_pct,SP.URB.TOTL.IN.ZS
